abaqus_mode,experimental_mode,abaqus_frequency_hz,experimental_frequency_hz,error_percent,order_changed,status
6,1,122.400000,119.800000,2.170284,Нет,Совпадает
7,2,156.800000,154.700000,1.357466,Нет,Совпадает
8,3,161.300000,159.200000,1.319095,Нет,Совпадает
9,4,202.100000,217.500000,7.080460,Нет,Проверить
10,5,220.700000,225.300000,2.041722,Нет,Совпадает
11,6,244.600000,239.800000,2.001668,Нет,Совпадает
12,7,276.300000,281.600000,1.882102,Нет,Совпадает
13,8,311.800000,306.400000,1.762402,Нет,Совпадает
14,9,349.500000,355.200000,1.604730,Нет,Совпадает
